,"(puma, block)"
taxi,1.39262821020442
bikeshare,1.3233660273149526
911-call,0.1110554448935145
