,"(puma, block)"
taxi,1.5090355778895883
bikeshare,1.316913395170359
911-call,0.08110795400306446
