,"(puma, block)"
taxi,0.015169665265555098
bikeshare,0.031874229731483544
911-call,0.0007156576405732289
