,"(puma, block)"
taxi,1.5023444809158386
bikeshare,1.3646939110779226
911-call,0.240812815584247
