,"(puma, tract)"
taxi,0.5405311257908626
bikeshare,0.5494785471667915
911-call,0.0757855512889705
