,"(puma, tract)"
taxi,0.5621407991153531
bikeshare,0.5513670311334585
911-call,0.07582962550047419
