,"(puma, tract)"
taxi,0.014777429881074255
bikeshare,0.02633092945006919
911-call,0.0010723756398800107
