Unnamed: 0,"('puma', 'nta')","('puma', 'tract')","('puma', 'block')","('puma', 'extreme')"
bikeshare,0.10114498869210806,0.25555751319396086,0.3904421721263325,0.6882805684634851
