,"('puma', 'nta')","('puma', 'tract')","('puma', 'block')","('puma', 'extreme')"
bikeshare,0.10247159978394867,0.24425779959789584,0.4096391167614273,0.44559948170134595
