,"(puma, tract)"
taxi,0.6116500740816265
bikeshare,0.6190493221040578
911-call,0.12548960630897732
