,"(puma, tract)"
taxi,0.5745006458338179
bikeshare,0.5758592749154695
911-call,0.0939786849483367
