,"('puma', 'nta')","('puma', 'tract')","('puma', 'block')","('puma', 'extreme')"
bikeshare,0.2019106570144549,0.4906385708037732,1.3544016568878434,1.5239737890398704
