,"(puma, block)"
taxi,1.5202556433717647
bikeshare,1.3356664538888443
911-call,0.11864055896943107
