,"(puma, block)"
taxi,1.48904142009975
bikeshare,1.3568784334015558
911-call,0.1264516473992352
