,"(puma, nta)"
taxi,0.23346018217027975
bikeshare,0.2769327609303643
911-call,0.048064837196843
