,"(puma, block)"
taxi,1.4214587542551584
bikeshare,1.2417684287192106
911-call,0.09398145452770754
