,"(puma, block)"
taxi,0.03118506105454505
bikeshare,0.06300424015265944
911-call,0.001793391583858198
