,puma_nta,puma_taxi,puma_tract,nta_taxi,nta_tract,taxi_tract
0,31.106199264526367,25.919897079467773,8.927397727966309,15.37197208404541,7.124329090118408,5.472466945648193
