,puma_nta,nta_taxi,taxi_tract
0,31.401247024536133,15.632068634033203,5.470361232757568
