,puma_nta,nta_taxi,taxi_tract
0,50.94102096557617,28.09576988220215,8.344728469848633
