,"('puma', 'nta')","('puma', 'tract')","('puma', 'block')","('puma', 'extreme')"
bikeshare,0.2968923101987618,0.5186579874996298,1.41273493735004,1.5597781332385439
