,"(puma, tract)"
taxi,0.5772902262910373
bikeshare,0.5706844664194872
911-call,0.14745652217351415
