,"(puma, tract)"
taxi,0.5751500547933311
bikeshare,0.5970435673579131
911-call,0.15593148169385734
