,"(puma, tract)"
taxi,0.5448181274155524
bikeshare,0.5423068235813114
911-call,0.08077390191608627
