,"(puma, block)"
taxi,1.5448663774205207
bikeshare,1.3446982613989569
911-call,0.1247831711565284
