,"(puma, block)"
taxi,1.403265728169826
bikeshare,1.338281277842691
911-call,0.12244683562898852
