,"(puma, nta)"
taxi,0.231250425
bikeshare,0.268319735
911-call,0.062481536
