,puma_nta,puma_taxi,puma_tract,nta_taxi,nta_tract,taxi_tract
0,29.016220092773438,23.037033081054688,8.239489555358887,14.630311012268066,6.8319501876831055,5.384041786193848
