,"(puma, block)"
taxi,1.490776625871411
bikeshare,1.3940141620058002
911-call,0.16637295918137107
