,"(puma, tract)"
taxi,0.542944356118931
bikeshare,0.5685531561519938
911-call,0.07352093912109549
