,"(puma, block)"
taxi,1.5157260145034095
bikeshare,1.3661948354751523
911-call,0.18879431929046353
