,"(puma, block)"
taxi,1.5316308934370972
bikeshare,1.3434067130438394
911-call,0.11699948698576214
