,"('puma', 'nta')","('puma', 'tract')","('puma', 'block')","('puma', 'extreme')"
bikeshare,0.14129938863317368,0.2585695492324009,0.40259691638020517,0.4451663810603197
