,"(puma, nta)"
taxi,0.21012896427014538
bikeshare,0.24274759171412252
911-call,0.04486005195435297
