,"(puma, tract)"
taxi,0.592700605698398
bikeshare,0.5613238006820505
911-call,0.09526514582005563
