,"(puma, tract)"
taxi,0.008623986450089946
bikeshare,0.0136744110627876
911-call,0.0010306806567914164
