,"('puma', 'nta')","('puma', 'tract')","('puma', 'block')","('puma', 'extreme')"
bikeshare,0.100667900043188,0.2315943515661991,0.37863117254063916,0.42242525535128567
