,"(puma, block)"
taxi,1.413632608624607
bikeshare,1.3410357254341552
911-call,0.19027800919754734
