,"(puma, block)"
taxi,1.588387728676722
bikeshare,1.353508453518298
911-call,0.1032690436196181
