,"('puma', 'nta')"
taxi,0.011591507667734013
bikeshare,0.013692073910672028
911-call,0.002458733978095895
