,"(puma, tract)"
taxi,0.6196641471417806
bikeshare,0.626157234716431
911-call,0.12271269192581631
