,"(puma, nta)"
taxi,0.22756461254768368
bikeshare,0.27358663589412907
911-call,0.05339432420343291
