,"(puma, nta)"
taxi,0.0042964108871572275
bikeshare,0.006689692715650962
911-call,0.0006606873142738372
