,"(puma, nta)"
taxi,0.21493513261598482
bikeshare,0.23095567739914902
911-call,0.04667819043556701
