,"('puma', 'nta')"
taxi,0.01178965830033416
bikeshare,0.013931038104039173
911-call,0.0020952919320065913
