,"(puma, tract)"
taxi,0.5779785414563278
bikeshare,0.6135845123420286
911-call,0.08855384278168184
