,"(puma, extreme)"
taxi,0.020023987782918525
bikeshare,0.031311052106860214
911-call,0.0009436476433306997
