,"(puma, nta)"
taxi,0.23082157650167348
bikeshare,0.27077411081084757
911-call,0.05353540366123721
