,"(puma, nta)"
taxi,0.20969597451964198
bikeshare,0.2302541131808572
911-call,0.04623025907555294
