,"(puma, nta)"
taxi,0.0074233255237674
bikeshare,0.011080470103310551
911-call,0.0007167744662931397
