,"('puma', 'nta')","('puma', 'tract')","('puma', 'block')","('puma', 'extreme')"
bikeshare,0.10785243148123462,0.26556466886608016,0.3980085403151752,0.4066184665570663
