,"(puma, tract)"
taxi,0.5714531397945936
bikeshare,0.5780480982387987
911-call,0.0964983083232926
