,"(puma, nta)"
taxi,0.232763034690948
bikeshare,0.27524584002353425
911-call,0.04980947978759483
