,"(puma, tract)"
taxi,0.5695163041248172
bikeshare,0.5768040813347849
911-call,0.10301305285604394
