,"(puma, nta)"
taxi,0.230212421982791
bikeshare,0.2724779350899765
911-call,0.06770102083020917
