,puma_nta,puma_taxi,puma_tract,nta_taxi,nta_tract,taxi_tract
0,136.6060028076172,66.90494537353516,20.361238479614258,76.19403839111328,20.097816467285156,19.56222915649414
