,puma_nta,nta_taxi,taxi_tract
0,136.6060028076172,76.19403839111328,19.56222915649414
