,"(puma, tract)"
taxi,0.5412281356952092
bikeshare,0.5422369523481889
911-call,0.07722431570331245
