model,proportion,puma-nta,puma-tract,puma-block,nta-tract,nta-block,tract-block
simple-ratio,0.01,60.53115082,14.31493568,1.938042402,12.36090279,1.859083414,1.573488712
simple-ratio,1,56.42547989,13.67109108,1.874033809,11.87356758,1.803625345,1.534195423
NN,0.01,43.967674,9.942509,1.9406984,8.886371,1.784291,1.6918497
NN,1,27.147005,7.9119086,1.5711765,6.7226896,1.437877,1.3105179
GAN,0.01,92.24395,10.087567,2.3985665,9.359512,2.059682,1.6041533
GAN,1,26.281189,7.2762733,2.0100894,6.3732467,1.6639272,1.3295096
