,"(puma, block)"
taxi,1.3925949720880275
bikeshare,1.3577648949646413
911-call,0.12938792629474152
