,puma_nta,puma_tract,puma_block,nta_tract,nta_block,tract_block
0,199.48357495514492,47.583688586253615,3.92188862276712,42.803425883585724,3.7925086282761873,2.6700867884808654
