,puma_nta,puma_tract,puma_block,nta_tract,nta_block,tract_block
0,56.425479888916016,13.671090126037598,1.8740336894989014,11.873567581176758,1.8036253452301025,1.5341955423355103
