,puma_nta,nta_taxi,taxi_tract
0,199.483575,138.5707242,27.29093538
